Date,Campaign Name,Targeting,Impressions,Clicks,Spend,14 Day Total Sales,14 Day Total Orders,Currency
2026-10-01,Amazon-SP-315122-001,Auto,21000,620,280.00,1406.24,16,USD
2026-10-02,Amazon-SP-315122-001,Auto,22400,660,295.50,1582.02,18,USD
2026-10-03,Amazon-SP-315122-001,Auto,21800,640,288.00,1318.35,15,USD
2026-10-04,Amazon-SP-315122-001,Auto,23500,690,312.00,1757.80,20,USD
2026-10-05,Amazon-SP-315122-001,Auto,23100,680,305.20,1494.13,17,USD
2026-10-01,Amazon-SP-BQ8928-011,Manual,18500,540,260.00,1753.78,14,USD
2026-10-02,Amazon-SP-BQ8928-011,Manual,19800,580,278.40,2004.32,16,USD
2026-10-03,Amazon-SP-BQ8928-011,Manual,19100,560,270.00,1628.51,13,USD
2026-10-04,Amazon-SP-BQ8928-011,Manual,20400,600,290.00,2129.59,17,USD
2026-10-05,Amazon-SP-BQ8928-011,Manual,20100,590,285.50,1879.05,15,USD
2026-10-01,Amazon-SP-554724-066,Auto,24000,710,340.00,2649.24,22,USD
2026-10-02,Amazon-SP-554724-066,Auto,25600,760,362.50,2890.08,24,USD
2026-10-03,Amazon-SP-554724-066,Auto,24900,730,351.00,2528.82,21,USD
2026-10-04,Amazon-SP-554724-066,Auto,26800,790,380.00,3130.92,26,USD
2026-10-05,Amazon-SP-554724-066,Auto,26200,770,372.00,2769.66,23,USD
