Handle,Title,Variant SKU,Variant Price,Variant Inventory Qty,Cost per item
air-force-1-07,Nike Air Force 1 '07,315122-001,87.89,680,38.50
nike-zoom-fly,Nike Zoom Fly,880848-005,174.64,450,72.00
air-max-270,Nike Air Max 270,AH8050-100,168.61,520,70.00
epic-react-flyknit-2,Nike Epic React Flyknit 2,BQ8928-011,125.27,390,52.00
air-jordan-1-mid,Air Jordan 1 Mid,554724-066,120.42,410,48.00
react-infinity-run,Nike React Infinity Run,CD4371-001,168.61,480,69.00
air-jordan-10-retro,Air Jordan 10 Retro,310805-137,192.71,310,79.00
joyride-run-flyknit,Nike Joyride Run,AQ2730-009,180.66,290,75.00
air-huarache,Nike Air Huarache,634835-108,108.37,340,44.00
air-max-720,Nike Air Max 720,AO2924-401,154.18,360,63.00
