Day,Campaign,Campaign type,Cost,Impressions,Clicks,Conversions,Conv. value,Avg. CPM
2026-10-01,Google-Shopping-315122-001,Shopping,380.00,28500,950,26,2285.10,13.33
2026-10-02,Google-Shopping-315122-001,Shopping,410.20,30700,1020,29,2548.80,13.36
2026-10-03,Google-Shopping-315122-001,Shopping,395.00,29600,980,24,2109.30,13.34
2026-10-04,Google-Shopping-315122-001,Shopping,430.50,32100,1070,31,2724.60,13.41
2026-10-05,Google-Shopping-315122-001,Shopping,420.00,31400,1040,28,2461.00,13.38
2026-10-01,Google-PMax-CD4371-001,Performance Max,510.00,35000,1210,23,3878.00,14.57
2026-10-02,Google-PMax-CD4371-001,Performance Max,540.80,37100,1280,25,4215.20,14.58
2026-10-03,Google-PMax-CD4371-001,Performance Max,525.00,36000,1240,22,3709.40,14.58
2026-10-04,Google-PMax-CD4371-001,Performance Max,560.00,38400,1320,27,4552.50,14.58
2026-10-05,Google-PMax-CD4371-001,Performance Max,550.40,37700,1300,24,4046.60,14.60
2026-10-01,Google-Search-310805-137,Search,440.00,26000,890,16,3083.30,16.92
2026-10-02,Google-Search-310805-137,Search,465.00,27400,940,18,3468.80,16.97
2026-10-03,Google-Search-310805-137,Search,450.20,26600,910,15,2890.60,16.92
2026-10-04,Google-Search-310805-137,Search,480.00,28300,970,19,3661.50,16.96
2026-10-05,Google-Search-310805-137,Search,475.50,28000,960,17,3276.00,16.98
