Day,Campaign name,Ad set name,Amount spent (USD),Impressions,CPM,Link clicks,Purchases,Purchases conversion value
2026-10-01,Meta-315122-001-Prospecting,AirForce1_Broad,450.50,38500,11.70,1150,22,1935.00
2026-10-02,Meta-315122-001-Prospecting,AirForce1_Broad,480.00,41000,11.71,1230,25,2198.00
2026-10-03,Meta-315122-001-Prospecting,AirForce1_Broad,460.20,39200,11.74,1180,21,1846.00
2026-10-04,Meta-315122-001-Prospecting,AirForce1_Broad,520.00,44100,11.79,1310,27,2374.00
2026-10-05,Meta-315122-001-Prospecting,AirForce1_Broad,510.80,43200,11.82,1290,24,2110.00
2026-10-01,Meta-880848-005-Retargeting,ZoomFly_Engaged,320.00,24000,13.33,720,18,3143.50
2026-10-02,Meta-880848-005-Retargeting,ZoomFly_Engaged,345.50,26100,13.24,780,20,3492.80
2026-10-03,Meta-880848-005-Retargeting,ZoomFly_Engaged,330.00,24800,13.31,750,17,2968.80
2026-10-04,Meta-880848-005-Retargeting,ZoomFly_Engaged,360.20,27200,13.24,810,21,3667.40
2026-10-05,Meta-880848-005-Retargeting,ZoomFly_Engaged,355.00,26800,13.25,800,19,3318.10
2026-10-01,Meta-AH8050-100-Advantage,AirMax270_Lookalikes,610.00,48000,12.71,1420,29,4889.70
2026-10-02,Meta-AH8050-100-Advantage,AirMax270_Lookalikes,630.50,49800,12.66,1490,31,5226.90
2026-10-03,Meta-AH8050-100-Advantage,AirMax270_Lookalikes,620.00,48900,12.68,1460,28,4721.00
2026-10-04,Meta-AH8050-100-Advantage,AirMax270_Lookalikes,645.00,51100,12.62,1530,33,5564.10
2026-10-05,Meta-AH8050-100-Advantage,AirMax270_Lookalikes,640.20,50500,12.68,1510,30,5058.30
